{
  "project_info": {
    "name": "Non-Commutative Kolmogorov-Arnold Theory (NKAT)",
    "version": "2.0 Ultimate",
    "package_date": "20250523_203805",
    "description": "非可換コルモゴロフ・アーノルド理論の深層学習検証"
  },
  "achievements": {
    "spectral_dimension_error": 0.0007963180541992188,
    "target_achievement": "目標1×10⁻⁵まであと4.3倍",
    "gpu_shura_mode": "20エポック完了",
    "kappa_minkowski_test": "64³グリッド完了",
    "fine_tuning": "22.3倍改善達成"
  },
  "file_summary": {
    "scripts": {
      "count": 19,
      "description": "NKATスクリプト群"
    },
    "results": {
      "count": 5,
      "description": "実験結果プロット"
    },
    "history": {
      "count": 2,
      "description": "訓練履歴データ"
    },
    "checkpoints": {
      "count": 4,
      "description": "モデルチェックポイント"
    },
    "papers": {
      "count": 4,
      "description": "論文・ドキュメント"
    },
    "comparisons": {
      "count": 1,
      "description": "κ-Minkowski比較結果"
    },
    "convergence": {
      "count": 1,
      "description": "収束解析プロット"
    },
    "diagnostics": {
      "count": 1,
      "description": "診断レポート"
    },
    "total_files": 37
  },
  "technical_specs": {
    "gpu": "NVIDIA GeForce RTX 3080",
    "grid_resolution": "64³",
    "training_epochs": "200 (長期) + 20 (微調整)",
    "numerical_stability": "完全NaN除去",
    "theta_parameter_range": "1e-50 ~ 1e-10"
  },
  "next_steps": [
    "CTA γ線天文学実験",
    "LIGO重力波解析",
    "LHC粒子物理学検証",
    "arXiv → PRL投稿"
  ]
}