{
  "timestamp": "20250523_211244",
  "nkat_results": {
    "spectral_dimension": 4.0000433921813965,
    "error": 4.34e-05,
    "theta_parameter": 1e-10
  },
  "dimensional_consistency": {
    "nkat_dimensions": 4.0000433921813965,
    "m_theory_dimensions": 11,
    "string_theory_dimensions": 10,
    "compactified_dimensions": 6.9999566078186035,
    "consistency_check": true
  },
  "overall_consistency": {
    "dimensional_check": true,
    "theoretical_framework": "CONSISTENT",
    "experimental_predictions": "TESTABLE"
  }
}